{"cameraMode":{"drawMode":0,"name":"Shaded","section":"Shading Mode"},"sceneLighting":true,"audioPlay":false,"sceneViewState":{"m_AlwaysRefresh":false,"showFog":true,"showSkybox":true,"showFlares":true,"showImageEffects":true,"showParticleSystems":true,"showVisualEffectGraphs":true,"m_FxEnabled":true},"in2DMode":false,"pivot":{"x":-219.67071533203126,"y":165.75595092773438,"z":236.87625122070313},"rotation":{"x":-0.008646447211503983,"y":-0.9571872353553772,"z":0.02872244268655777,"w":-0.28793662786483767},"size":0.20586355030536652,"orthographic":false}