{"cameraMode":{"drawMode":0,"name":"Shaded","section":"Shading Mode"},"sceneLighting":true,"audioPlay":false,"sceneViewState":{"m_AlwaysRefresh":false,"showFog":true,"showSkybox":true,"showFlares":true,"showImageEffects":true,"showParticleSystems":true,"showVisualEffectGraphs":true,"m_FxEnabled":true},"in2DMode":false,"pivot":{"x":1.6235365867614747,"y":2.0025253295898439,"z":-4.269491195678711},"rotation":{"x":-0.01655762828886509,"y":-0.9333980679512024,"z":0.04343435913324356,"w":-0.35582050681114199},"size":1.2247449159622193,"orthographic":false}